{"cameraMode":{"drawMode":0,"name":"Shaded","section":"Shading Mode"},"sceneLighting":true,"audioPlay":false,"sceneViewState":{"showFog":true,"showMaterialUpdate":false,"showSkybox":true,"showFlares":true,"showImageEffects":true,"showParticleSystems":true},"in2DMode":false,"pivot":{"x":9.118452072143555,"y":-1.2902965545654297,"z":19.411457061767579},"rotation":{"x":-0.11282080411911011,"y":0.14610210061073304,"z":-0.016773998737335206,"w":-0.9826719760894775},"size":5.996497631072998,"orthographic":false}