{"cameraMode":{"drawMode":0,"name":"Shaded","section":"Shading Mode"},"sceneLighting":true,"audioPlay":false,"sceneViewState":{"showFog":true,"showMaterialUpdate":false,"showSkybox":true,"showFlares":true,"showImageEffects":true,"showParticleSystems":true},"in2DMode":false,"pivot":{"x":0.00402677059173584,"y":4.376878261566162,"z":9.224564552307129},"rotation":{"x":-0.14072701334953309,"y":0.0406779870390892,"z":-0.005786764435470104,"w":-0.9892295002937317},"size":5.871829032897949,"orthographic":false}